model,split,target_bin,target,ablation,n,rmse,mae,r2,spearman,accuracy,f1_macro
TASK_DECODER_NO_STATIC,val,a30_31,earn,no_static,248,0.925597707847042,0.6399822235107422,0.5284558534622192,0.7478149717438032,,
TASK_DECODER_NO_STATIC,val,a30_31,emp,no_static,250,,,,,0.836,0.7038513767299412
TASK_DECODER_NO_STATIC,val,a30_31,mar,no_static,250,,,,,0.868,0.687123120132829
TASK_DECODER_NO_STATIC,val,a32_33,earn,no_static,251,1.0349516468455366,0.7791014909744263,0.36639612913131714,0.6440532814215635,,
TASK_DECODER_NO_STATIC,val,a32_33,emp,no_static,251,,,,,0.848605577689243,0.6845899470899471
TASK_DECODER_NO_STATIC,val,a32_33,mar,no_static,251,,,,,0.7928286852589641,0.4089592545728504
TASK_DECODER_NO_STATIC,val,a34_35,earn,no_static,257,1.0625313024958696,0.8002393841743469,0.3124329447746277,0.6363623365053637,,
TASK_DECODER_NO_STATIC,val,a34_35,emp,no_static,257,,,,,0.8560311284046692,0.6558824593782796
TASK_DECODER_NO_STATIC,val,a34_35,mar,no_static,257,,,,,0.7898832684824902,0.5364251207729469
TASK_DECODER_NO_STATIC,val,a36_37,earn,no_static,252,1.1362883287098478,0.8678216338157654,0.21727615594863892,0.5534936824681204,,
TASK_DECODER_NO_STATIC,val,a36_37,emp,no_static,252,,,,,0.8373015873015873,0.6064749571510188
TASK_DECODER_NO_STATIC,val,a36_37,mar,no_static,253,,,,,0.7509881422924901,0.502217774744862
TASK_DECODER_NO_STATIC,val,a38_39,earn,no_static,251,1.3120577839245242,1.0093406438827515,0.14994335174560547,0.45458664289220185,,
TASK_DECODER_NO_STATIC,val,a38_39,emp,no_static,250,,,,,0.784,0.5404411764705882
TASK_DECODER_NO_STATIC,val,a38_39,mar,no_static,251,,,,,0.7211155378486056,0.35319597601578473
TASK_DECODER_NO_STATIC,val,a40_41,earn,no_static,249,1.2255337525462389,0.932693600654602,0.18051517009735107,0.49483743997238305,,
TASK_DECODER_NO_STATIC,val,a40_41,emp,no_static,250,,,,,0.82,0.5676236596333448
TASK_DECODER_NO_STATIC,val,a40_41,mar,no_static,250,,,,,0.716,0.3354402834008097
TASK_DECODER_NO_STATIC,val,a42_43,earn,no_static,254,1.2792648194934286,1.0034719705581665,0.17332154512405396,0.4679093321282093,,
TASK_DECODER_NO_STATIC,val,a42_43,emp,no_static,254,,,,,0.8267716535433071,0.5119650655021835
TASK_DECODER_NO_STATIC,val,a42_43,mar,no_static,254,,,,,0.6968503937007874,0.3265159145850121
TASK_DECODER_NO_STATIC,val,a44_45,earn,no_static,252,1.2786860048570696,1.0009106397628784,0.20457148551940918,0.5115278219619658,,
TASK_DECODER_NO_STATIC,val,a44_45,emp,no_static,252,,,,,0.7976190476190477,0.47957076331241144
TASK_DECODER_NO_STATIC,val,a44_45,mar,no_static,252,,,,,0.6706349206349206,0.3055671251239372
TASK_DECODER_NO_STATIC,test,a30_31,earn,no_static,246,0.803156498094656,0.5739735960960388,0.6128675937652588,0.8198222722166199,,
TASK_DECODER_NO_STATIC,test,a30_31,emp,no_static,246,,,,,0.8089430894308943,0.6456309191773685
TASK_DECODER_NO_STATIC,test,a30_31,mar,no_static,246,,,,,0.8536585365853658,0.6825371815392823
TASK_DECODER_NO_STATIC,test,a32_33,earn,no_static,251,0.9143569341662267,0.6680706143379211,0.4504477381706238,0.7216928046008728,,
TASK_DECODER_NO_STATIC,test,a32_33,emp,no_static,252,,,,,0.8650793650793651,0.7179723502304147
TASK_DECODER_NO_STATIC,test,a32_33,mar,no_static,252,,,,,0.7857142857142857,0.47449803278880526
TASK_DECODER_NO_STATIC,test,a34_35,earn,no_static,256,0.9882536872970613,0.6976112127304077,0.37945789098739624,0.643845546028621,,
TASK_DECODER_NO_STATIC,test,a34_35,emp,no_static,256,,,,,0.80859375,0.625496342737722
TASK_DECODER_NO_STATIC,test,a34_35,mar,no_static,256,,,,,0.72265625,0.3823640127987954
TASK_DECODER_NO_STATIC,test,a36_37,earn,no_static,251,1.0867653853874266,0.8123060464859009,0.30801987648010254,0.6068942481339453,,
TASK_DECODER_NO_STATIC,test,a36_37,emp,no_static,252,,,,,0.8452380952380952,0.6142705757682798
TASK_DECODER_NO_STATIC,test,a36_37,mar,no_static,252,,,,,0.7341269841269841,0.43068034055727555
TASK_DECODER_NO_STATIC,test,a38_39,earn,no_static,253,1.1471656451823216,0.8653856515884399,0.22245359420776367,0.5342942497573873,,
TASK_DECODER_NO_STATIC,test,a38_39,emp,no_static,252,,,,,0.8055555555555556,0.5555555555555556
TASK_DECODER_NO_STATIC,test,a38_39,mar,no_static,253,,,,,0.7312252964426877,0.35383477445567246
TASK_DECODER_NO_STATIC,test,a40_41,earn,no_static,254,1.2405884725348453,0.950005054473877,0.23852866888046265,0.5436299168760265,,
TASK_DECODER_NO_STATIC,test,a40_41,emp,no_static,254,,,,,0.8149606299212598,0.574175138220082
TASK_DECODER_NO_STATIC,test,a40_41,mar,no_static,254,,,,,0.7204724409448819,0.3633633633633634
TASK_DECODER_NO_STATIC,test,a42_43,earn,no_static,258,1.232875347590308,0.9475052952766418,0.22515887022018433,0.5341992466562713,,
TASK_DECODER_NO_STATIC,test,a42_43,emp,no_static,258,,,,,0.7906976744186046,0.4591614906832298
TASK_DECODER_NO_STATIC,test,a42_43,mar,no_static,258,,,,,0.7093023255813954,0.3537025524495513
TASK_DECODER_NO_STATIC,test,a44_45,earn,no_static,251,1.1375280691183962,0.8734316825866699,0.2564646005630493,0.5463926491558082,,
TASK_DECODER_NO_STATIC,test,a44_45,emp,no_static,251,,,,,0.8326693227091634,0.49742562929061784
TASK_DECODER_NO_STATIC,test,a44_45,mar,no_static,251,,,,,0.7131474103585658,0.3553975870307841
TASK_DECODER_NO_EARLY_HISTORY,val,a30_31,earn,no_history,248,1.2684736805953196,0.9659994840621948,0.11439353227615356,0.4011084794810281,,
TASK_DECODER_NO_EARLY_HISTORY,val,a30_31,emp,no_history,250,,,,,0.78,0.43820224719101125
TASK_DECODER_NO_EARLY_HISTORY,val,a30_31,mar,no_history,250,,,,,0.72,0.2310948486152963
TASK_DECODER_NO_EARLY_HISTORY,val,a32_33,earn,no_history,251,1.2209529041327136,0.9541459679603577,0.11818897724151611,0.3703058858661089,,
TASK_DECODER_NO_EARLY_HISTORY,val,a32_33,emp,no_history,251,,,,,0.8207171314741036,0.45076586433260396
TASK_DECODER_NO_EARLY_HISTORY,val,a32_33,mar,no_history,251,,,,,0.7330677290836654,0.23789755607633073
TASK_DECODER_NO_EARLY_HISTORY,val,a34_35,earn,no_history,257,1.2207535145849804,0.9196699261665344,0.0924144983291626,0.37579207162934636,,
TASK_DECODER_NO_EARLY_HISTORY,val,a34_35,emp,no_history,257,,,,,0.8326848249027238,0.4543524416135881
TASK_DECODER_NO_EARLY_HISTORY,val,a34_35,mar,no_history,257,,,,,0.7315175097276264,0.23768589638829876
TASK_DECODER_NO_EARLY_HISTORY,val,a36_37,earn,no_history,252,1.190017190616723,0.9056726694107056,0.14150464534759521,0.42757632957299974,,
TASK_DECODER_NO_EARLY_HISTORY,val,a36_37,emp,no_history,252,,,,,0.8253968253968254,0.45217391304347826
TASK_DECODER_NO_EARLY_HISTORY,val,a36_37,mar,no_history,253,,,,,0.6996047430830039,0.23096984515077423
TASK_DECODER_NO_EARLY_HISTORY,val,a38_39,earn,no_history,251,1.3649793831522379,1.0582072734832764,0.07998669147491455,0.34902154122945406,,
TASK_DECODER_NO_EARLY_HISTORY,val,a38_39,emp,no_history,250,,,,,0.784,0.43946188340807174
TASK_DECODER_NO_EARLY_HISTORY,val,a38_39,mar,no_history,251,,,,,0.6852589641434262,0.23141982395713737
TASK_DECODER_NO_EARLY_HISTORY,val,a40_41,earn,no_history,249,1.304322425795378,1.0082937479019165,0.07176005840301514,0.3061205143037734,,
TASK_DECODER_NO_EARLY_HISTORY,val,a40_41,emp,no_history,250,,,,,0.804,0.44567627494456763
TASK_DECODER_NO_EARLY_HISTORY,val,a40_41,mar,no_history,250,,,,,0.68,0.22176352281147454
TASK_DECODER_NO_EARLY_HISTORY,val,a42_43,earn,no_history,254,1.331139632472116,1.028884768486023,0.10491776466369629,0.3761658540051914,,
TASK_DECODER_NO_EARLY_HISTORY,val,a42_43,emp,no_history,254,,,,,0.8228346456692913,0.4514038876889849
TASK_DECODER_NO_EARLY_HISTORY,val,a42_43,mar,no_history,254,,,,,0.6850393700787402,0.22165851670741646
TASK_DECODER_NO_EARLY_HISTORY,val,a44_45,earn,no_history,252,1.38847085648675,1.0883758068084717,0.06212085485458374,0.2929485035370246,,
TASK_DECODER_NO_EARLY_HISTORY,val,a44_45,emp,no_history,252,,,,,0.8015873015873016,0.44493392070484583
TASK_DECODER_NO_EARLY_HISTORY,val,a44_45,mar,no_history,252,,,,,0.6785714285714286,0.2284532671629446
TASK_DECODER_NO_EARLY_HISTORY,test,a30_31,earn,no_history,246,1.1710961360283607,0.8774538636207581,0.17691582441329956,0.4351312660098269,,
TASK_DECODER_NO_EARLY_HISTORY,test,a30_31,emp,no_history,246,,,,,0.7886178861788617,0.4409090909090909
TASK_DECODER_NO_EARLY_HISTORY,test,a30_31,mar,no_history,246,,,,,0.6626016260162602,0.30688575899843507
TASK_DECODER_NO_EARLY_HISTORY,test,a32_33,earn,no_history,251,1.1050875919889869,0.8343695402145386,0.19726741313934326,0.4736251626188318,,
TASK_DECODER_NO_EARLY_HISTORY,test,a32_33,emp,no_history,252,,,,,0.8253968253968254,0.45217391304347826
TASK_DECODER_NO_EARLY_HISTORY,test,a32_33,mar,no_history,252,,,,,0.7063492063492064,0.2652408163265306
TASK_DECODER_NO_EARLY_HISTORY,test,a34_35,earn,no_history,256,1.137063619727686,0.8367359638214111,0.17850691080093384,0.45570096442386127,,
TASK_DECODER_NO_EARLY_HISTORY,test,a34_35,emp,no_history,256,,,,,0.7890625,0.4410480349344978
TASK_DECODER_NO_EARLY_HISTORY,test,a34_35,mar,no_history,256,,,,,0.703125,0.2657258064516129
TASK_DECODER_NO_EARLY_HISTORY,test,a36_37,earn,no_history,251,1.213814007675219,0.8923088908195496,0.13677042722702026,0.4258830508869994,,
TASK_DECODER_NO_EARLY_HISTORY,test,a36_37,emp,no_history,252,,,,,0.8452380952380952,0.45806451612903226
TASK_DECODER_NO_EARLY_HISTORY,test,a36_37,mar,no_history,252,,,,,0.7063492063492064,0.337037037037037
TASK_DECODER_NO_EARLY_HISTORY,test,a38_39,earn,no_history,253,1.2165192950278967,0.9058214426040649,0.12559616565704346,0.4027896363263144,,
TASK_DECODER_NO_EARLY_HISTORY,test,a38_39,emp,no_history,252,,,,,0.8214285714285714,0.45098039215686275
TASK_DECODER_NO_EARLY_HISTORY,test,a38_39,mar,no_history,253,,,,,0.7193675889328063,0.27795423130087543
TASK_DECODER_NO_EARLY_HISTORY,test,a40_41,earn,no_history,254,1.3440438326346629,1.0063575506210327,0.10623174905776978,0.38917033007493285,,
TASK_DECODER_NO_EARLY_HISTORY,test,a40_41,emp,no_history,254,,,,,0.8110236220472441,0.44782608695652176
TASK_DECODER_NO_EARLY_HISTORY,test,a40_41,mar,no_history,254,,,,,0.7125984251968503,0.2775873521987512
TASK_DECODER_NO_EARLY_HISTORY,test,a42_43,earn,no_history,258,1.3097632349244475,0.976782500743866,0.12549978494644165,0.4129352647637469,,
TASK_DECODER_NO_EARLY_HISTORY,test,a42_43,emp,no_history,258,,,,,0.810077519379845,0.4475374732334047
TASK_DECODER_NO_EARLY_HISTORY,test,a42_43,mar,no_history,258,,,,,0.7093023255813954,0.2768854961832061
TASK_DECODER_NO_EARLY_HISTORY,test,a44_45,earn,no_history,251,1.248095396528426,0.9336674809455872,0.10489708185195923,0.38099321183283424,,
TASK_DECODER_NO_EARLY_HISTORY,test,a44_45,emp,no_history,251,,,,,0.8446215139442231,0.45788336933045354
TASK_DECODER_NO_EARLY_HISTORY,test,a44_45,mar,no_history,251,,,,,0.7091633466135459,0.2783429098389728
